/workspace/data/nuScenes/seq_bev_dataset/scene-0001/cam_front/000_e93e98b63d3b40209056d129dc53ceee.png,/workspace/data/nuScenes/seq_bev_dataset/scene-0001/cam_front/003_8de7ec06e1ac48c689c4d24d6cc64fd7.png,/workspace/data/nuScenes/seq_bev_dataset/scene-0001/cam_front/008_1e19d0a5189b46f4b62aa47508f2983e.png,/workspace/data/nuScenes/seq_bev_dataset/scene-0001/BEV_gt/003_8de7ec06e1ac48c689c4d24d6cc64fd7_BEVmask.png,/workspace/data/nuScenes/seq_bev_dataset/scene-0001/roadLayout_gt/003_8de7ec06e1ac48c689c4d24d6cc64fd7_RLmask.png
/workspace/data/nuScenes/seq_bev_dataset/scene-0001/cam_front/001_14d5adfe50bb4445bc3aa5fe607691a8.png,/workspace/data/nuScenes/seq_bev_dataset/scene-0001/cam_front/004_ba94cb79ebc74614bc2442185cb53c26.png,/workspace/data/nuScenes/seq_bev_dataset/scene-0001/cam_front/008_1e19d0a5189b46f4b62aa47508f2983e.png,/workspace/data/nuScenes/seq_bev_dataset/scene-0001/BEV_gt/004_ba94cb79ebc74614bc2442185cb53c26_BEVmask.png,/workspace/data/nuScenes/seq_bev_dataset/scene-0001/roadLayout_gt/004_ba94cb79ebc74614bc2442185cb53c26_RLmask.png
/workspace/data/nuScenes/seq_bev_dataset/scene-0001/cam_front/002_ae4e0c3aa3f24c91aab599e8b54e9264.png,/workspace/data/nuScenes/seq_bev_dataset/scene-0001/cam_front/005_4dfab70f0b3f405bbf17f7c534d2dd91.png,/workspace/data/nuScenes/seq_bev_dataset/scene-0001/cam_front/009_b7f4a3b32d654cc2b69c1c260a5f34a0.png,/workspace/data/nuScenes/seq_bev_dataset/scene-0001/BEV_gt/005_4dfab70f0b3f405bbf17f7c534d2dd91_BEVmask.png,/workspace/data/nuScenes/seq_bev_dataset/scene-0001/roadLayout_gt/005_4dfab70f0b3f405bbf17f7c534d2dd91_RLmask.png
/workspace/data/nuScenes/seq_bev_dataset/scene-0001/cam_front/003_8de7ec06e1ac48c689c4d24d6cc64fd7.png,/workspace/data/nuScenes/seq_bev_dataset/scene-0001/cam_front/008_1e19d0a5189b46f4b62aa47508f2983e.png,/workspace/data/nuScenes/seq_bev_dataset/scene-0001/cam_front/012_c36eb85918a84a788e236f5c9eef2b05.png,/workspace/data/nuScenes/seq_bev_dataset/scene-0001/BEV_gt/008_1e19d0a5189b46f4b62aa47508f2983e_BEVmask.png,/workspace/data/nuScenes/seq_bev_dataset/scene-0001/roadLayout_gt/008_1e19d0a5189b46f4b62aa47508f2983e_RLmask.png
/workspace/data/nuScenes/seq_bev_dataset/scene-0001/cam_front/004_ba94cb79ebc74614bc2442185cb53c26.png,/workspace/data/nuScenes/seq_bev_dataset/scene-0001/cam_front/008_1e19d0a5189b46f4b62aa47508f2983e.png,/workspace/data/nuScenes/seq_bev_dataset/scene-0001/cam_front/012_c36eb85918a84a788e236f5c9eef2b05.png,/workspace/data/nuScenes/seq_bev_dataset/scene-0001/BEV_gt/008_1e19d0a5189b46f4b62aa47508f2983e_BEVmask.png,/workspace/data/nuScenes/seq_bev_dataset/scene-0001/roadLayout_gt/008_1e19d0a5189b46f4b62aa47508f2983e_RLmask.png
/workspace/data/nuScenes/seq_bev_dataset/scene-0001/cam_front/005_4dfab70f0b3f405bbf17f7c534d2dd91.png,/workspace/data/nuScenes/seq_bev_dataset/scene-0001/cam_front/009_b7f4a3b32d654cc2b69c1c260a5f34a0.png,/workspace/data/nuScenes/seq_bev_dataset/scene-0001/cam_front/013_5d054297a2bf43638a1d37cbb2ea2365.png,/workspace/data/nuScenes/seq_bev_dataset/scene-0001/BEV_gt/009_b7f4a3b32d654cc2b69c1c260a5f34a0_BEVmask.png,/workspace/data/nuScenes/seq_bev_dataset/scene-0001/roadLayout_gt/009_b7f4a3b32d654cc2b69c1c260a5f34a0_RLmask.png
/workspace/data/nuScenes/seq_bev_dataset/scene-0001/cam_front/006_140c678882194ae69e47136c81168b6d.png,/workspace/data/nuScenes/seq_bev_dataset/scene-0001/cam_front/010_917a76cd5f564387bcacc22537010630.png,/workspace/data/nuScenes/seq_bev_dataset/scene-0001/cam_front/014_fcd37961086342abaf431243971cbc9b.png,/workspace/data/nuScenes/seq_bev_dataset/scene-0001/BEV_gt/010_917a76cd5f564387bcacc22537010630_BEVmask.png,/workspace/data/nuScenes/seq_bev_dataset/scene-0001/roadLayout_gt/010_917a76cd5f564387bcacc22537010630_RLmask.png
/workspace/data/nuScenes/seq_bev_dataset/scene-0001/cam_front/007_b8002d4effb540c0b1bb70addf423f32.png,/workspace/data/nuScenes/seq_bev_dataset/scene-0001/cam_front/011_c0cd427afacb4c2bb974461eec1dbd79.png,/workspace/data/nuScenes/seq_bev_dataset/scene-0001/cam_front/015_6ec48adcac3b407ca77de01d2c600bf4.png,/workspace/data/nuScenes/seq_bev_dataset/scene-0001/BEV_gt/011_c0cd427afacb4c2bb974461eec1dbd79_BEVmask.png,/workspace/data/nuScenes/seq_bev_dataset/scene-0001/roadLayout_gt/011_c0cd427afacb4c2bb974461eec1dbd79_RLmask.png
/workspace/data/nuScenes/seq_bev_dataset/scene-0001/cam_front/008_1e19d0a5189b46f4b62aa47508f2983e.png,/workspace/data/nuScenes/seq_bev_dataset/scene-0001/cam_front/012_c36eb85918a84a788e236f5c9eef2b05.png,/workspace/data/nuScenes/seq_bev_dataset/scene-0001/cam_front/017_9253e18a84404e25b1eb4433905ad579.png,/workspace/data/nuScenes/seq_bev_dataset/scene-0001/BEV_gt/012_c36eb85918a84a788e236f5c9eef2b05_BEVmask.png,/workspace/data/nuScenes/seq_bev_dataset/scene-0001/roadLayout_gt/012_c36eb85918a84a788e236f5c9eef2b05_RLmask.png
/workspace/data/nuScenes/seq_bev_dataset/scene-0001/cam_front/009_b7f4a3b32d654cc2b69c1c260a5f34a0.png,/workspace/data/nuScenes/seq_bev_dataset/scene-0001/cam_front/013_5d054297a2bf43638a1d37cbb2ea2365.png,/workspace/data/nuScenes/seq_bev_dataset/scene-0001/cam_front/018_0037a705a2e04559b1bba6c01beca1cf.png,/workspace/data/nuScenes/seq_bev_dataset/scene-0001/BEV_gt/013_5d054297a2bf43638a1d37cbb2ea2365_BEVmask.png,/workspace/data/nuScenes/seq_bev_dataset/scene-0001/roadLayout_gt/013_5d054297a2bf43638a1d37cbb2ea2365_RLmask.png
/workspace/data/nuScenes/seq_bev_dataset/scene-0001/cam_front/010_917a76cd5f564387bcacc22537010630.png,/workspace/data/nuScenes/seq_bev_dataset/scene-0001/cam_front/014_fcd37961086342abaf431243971cbc9b.png,/workspace/data/nuScenes/seq_bev_dataset/scene-0001/cam_front/019_2acfc4b99f084778bc484fa1eef1b79f.png,/workspace/data/nuScenes/seq_bev_dataset/scene-0001/BEV_gt/014_fcd37961086342abaf431243971cbc9b_BEVmask.png,/workspace/data/nuScenes/seq_bev_dataset/scene-0001/roadLayout_gt/014_fcd37961086342abaf431243971cbc9b_RLmask.png
/workspace/data/nuScenes/seq_bev_dataset/scene-0001/cam_front/011_c0cd427afacb4c2bb974461eec1dbd79.png,/workspace/data/nuScenes/seq_bev_dataset/scene-0001/cam_front/015_6ec48adcac3b407ca77de01d2c600bf4.png,/workspace/data/nuScenes/seq_bev_dataset/scene-0001/cam_front/020_5c95b81d9d404c219b4393da7e020280.png,/workspace/data/nuScenes/seq_bev_dataset/scene-0001/BEV_gt/015_6ec48adcac3b407ca77de01d2c600bf4_BEVmask.png,/workspace/data/nuScenes/seq_bev_dataset/scene-0001/roadLayout_gt/015_6ec48adcac3b407ca77de01d2c600bf4_RLmask.png
/workspace/data/nuScenes/seq_bev_dataset/scene-0001/cam_front/012_c36eb85918a84a788e236f5c9eef2b05.png,/workspace/data/nuScenes/seq_bev_dataset/scene-0001/cam_front/017_9253e18a84404e25b1eb4433905ad579.png,/workspace/data/nuScenes/seq_bev_dataset/scene-0001/cam_front/022_2d0f28162f864ad391ddeefb4aaf5b05.png,/workspace/data/nuScenes/seq_bev_dataset/scene-0001/BEV_gt/017_9253e18a84404e25b1eb4433905ad579_BEVmask.png,/workspace/data/nuScenes/seq_bev_dataset/scene-0001/roadLayout_gt/017_9253e18a84404e25b1eb4433905ad579_RLmask.png
/workspace/data/nuScenes/seq_bev_dataset/scene-0001/cam_front/013_5d054297a2bf43638a1d37cbb2ea2365.png,/workspace/data/nuScenes/seq_bev_dataset/scene-0001/cam_front/018_0037a705a2e04559b1bba6c01beca1cf.png,/workspace/data/nuScenes/seq_bev_dataset/scene-0001/cam_front/023_026155aa1c554e2f87914ec9ba80acae.png,/workspace/data/nuScenes/seq_bev_dataset/scene-0001/BEV_gt/018_0037a705a2e04559b1bba6c01beca1cf_BEVmask.png,/workspace/data/nuScenes/seq_bev_dataset/scene-0001/roadLayout_gt/018_0037a705a2e04559b1bba6c01beca1cf_RLmask.png
/workspace/data/nuScenes/seq_bev_dataset/scene-0001/cam_front/014_fcd37961086342abaf431243971cbc9b.png,/workspace/data/nuScenes/seq_bev_dataset/scene-0001/cam_front/019_2acfc4b99f084778bc484fa1eef1b79f.png,/workspace/data/nuScenes/seq_bev_dataset/scene-0001/cam_front/024_ec82914025214e10b88b887d91adf6e7.png,/workspace/data/nuScenes/seq_bev_dataset/scene-0001/BEV_gt/019_2acfc4b99f084778bc484fa1eef1b79f_BEVmask.png,/workspace/data/nuScenes/seq_bev_dataset/scene-0001/roadLayout_gt/019_2acfc4b99f084778bc484fa1eef1b79f_RLmask.png
/workspace/data/nuScenes/seq_bev_dataset/scene-0001/cam_front/015_6ec48adcac3b407ca77de01d2c600bf4.png,/workspace/data/nuScenes/seq_bev_dataset/scene-0001/cam_front/020_5c95b81d9d404c219b4393da7e020280.png,/workspace/data/nuScenes/seq_bev_dataset/scene-0001/cam_front/025_52a22c3edca1431789ecfb9bb65a01ff.png,/workspace/data/nuScenes/seq_bev_dataset/scene-0001/BEV_gt/020_5c95b81d9d404c219b4393da7e020280_BEVmask.png,/workspace/data/nuScenes/seq_bev_dataset/scene-0001/roadLayout_gt/020_5c95b81d9d404c219b4393da7e020280_RLmask.png
/workspace/data/nuScenes/seq_bev_dataset/scene-0001/cam_front/016_7ff1f84a3c184434a366282773ca9572.png,/workspace/data/nuScenes/seq_bev_dataset/scene-0001/cam_front/021_e5bb15af564245e99b4def0019b2b045.png,/workspace/data/nuScenes/seq_bev_dataset/scene-0001/cam_front/025_52a22c3edca1431789ecfb9bb65a01ff.png,/workspace/data/nuScenes/seq_bev_dataset/scene-0001/BEV_gt/021_e5bb15af564245e99b4def0019b2b045_BEVmask.png,/workspace/data/nuScenes/seq_bev_dataset/scene-0001/roadLayout_gt/021_e5bb15af564245e99b4def0019b2b045_RLmask.png
/workspace/data/nuScenes/seq_bev_dataset/scene-0001/cam_front/017_9253e18a84404e25b1eb4433905ad579.png,/workspace/data/nuScenes/seq_bev_dataset/scene-0001/cam_front/022_2d0f28162f864ad391ddeefb4aaf5b05.png,/workspace/data/nuScenes/seq_bev_dataset/scene-0001/cam_front/026_2531f1309b364aa58fef2bb536d6639b.png,/workspace/data/nuScenes/seq_bev_dataset/scene-0001/BEV_gt/022_2d0f28162f864ad391ddeefb4aaf5b05_BEVmask.png,/workspace/data/nuScenes/seq_bev_dataset/scene-0001/roadLayout_gt/022_2d0f28162f864ad391ddeefb4aaf5b05_RLmask.png
/workspace/data/nuScenes/seq_bev_dataset/scene-0001/cam_front/018_0037a705a2e04559b1bba6c01beca1cf.png,/workspace/data/nuScenes/seq_bev_dataset/scene-0001/cam_front/023_026155aa1c554e2f87914ec9ba80acae.png,/workspace/data/nuScenes/seq_bev_dataset/scene-0001/cam_front/027_e380df67fa3d49c7add4657b69605cdc.png,/workspace/data/nuScenes/seq_bev_dataset/scene-0001/BEV_gt/023_026155aa1c554e2f87914ec9ba80acae_BEVmask.png,/workspace/data/nuScenes/seq_bev_dataset/scene-0001/roadLayout_gt/023_026155aa1c554e2f87914ec9ba80acae_RLmask.png
/workspace/data/nuScenes/seq_bev_dataset/scene-0001/cam_front/019_2acfc4b99f084778bc484fa1eef1b79f.png,/workspace/data/nuScenes/seq_bev_dataset/scene-0001/cam_front/024_ec82914025214e10b88b887d91adf6e7.png,/workspace/data/nuScenes/seq_bev_dataset/scene-0001/cam_front/028_903d85bfc48b437ea725fe1c32bf3401.png,/workspace/data/nuScenes/seq_bev_dataset/scene-0001/BEV_gt/024_ec82914025214e10b88b887d91adf6e7_BEVmask.png,/workspace/data/nuScenes/seq_bev_dataset/scene-0001/roadLayout_gt/024_ec82914025214e10b88b887d91adf6e7_RLmask.png
/workspace/data/nuScenes/seq_bev_dataset/scene-0001/cam_front/020_5c95b81d9d404c219b4393da7e020280.png,/workspace/data/nuScenes/seq_bev_dataset/scene-0001/cam_front/025_52a22c3edca1431789ecfb9bb65a01ff.png,/workspace/data/nuScenes/seq_bev_dataset/scene-0001/cam_front/029_a62e12cf09b94b25a116bf70cf35e861.png,/workspace/data/nuScenes/seq_bev_dataset/scene-0001/BEV_gt/025_52a22c3edca1431789ecfb9bb65a01ff_BEVmask.png,/workspace/data/nuScenes/seq_bev_dataset/scene-0001/roadLayout_gt/025_52a22c3edca1431789ecfb9bb65a01ff_RLmask.png
/workspace/data/nuScenes/seq_bev_dataset/scene-0001/cam_front/021_e5bb15af564245e99b4def0019b2b045.png,/workspace/data/nuScenes/seq_bev_dataset/scene-0001/cam_front/025_52a22c3edca1431789ecfb9bb65a01ff.png,/workspace/data/nuScenes/seq_bev_dataset/scene-0001/cam_front/029_a62e12cf09b94b25a116bf70cf35e861.png,/workspace/data/nuScenes/seq_bev_dataset/scene-0001/BEV_gt/025_52a22c3edca1431789ecfb9bb65a01ff_BEVmask.png,/workspace/data/nuScenes/seq_bev_dataset/scene-0001/roadLayout_gt/025_52a22c3edca1431789ecfb9bb65a01ff_RLmask.png
/workspace/data/nuScenes/seq_bev_dataset/scene-0001/cam_front/022_2d0f28162f864ad391ddeefb4aaf5b05.png,/workspace/data/nuScenes/seq_bev_dataset/scene-0001/cam_front/026_2531f1309b364aa58fef2bb536d6639b.png,/workspace/data/nuScenes/seq_bev_dataset/scene-0001/cam_front/030_e84aea79175942398074b3f7f93f7fea.png,/workspace/data/nuScenes/seq_bev_dataset/scene-0001/BEV_gt/026_2531f1309b364aa58fef2bb536d6639b_BEVmask.png,/workspace/data/nuScenes/seq_bev_dataset/scene-0001/roadLayout_gt/026_2531f1309b364aa58fef2bb536d6639b_RLmask.png
/workspace/data/nuScenes/seq_bev_dataset/scene-0001/cam_front/023_026155aa1c554e2f87914ec9ba80acae.png,/workspace/data/nuScenes/seq_bev_dataset/scene-0001/cam_front/027_e380df67fa3d49c7add4657b69605cdc.png,/workspace/data/nuScenes/seq_bev_dataset/scene-0001/cam_front/031_fb90e4c770134c2ebbfb7312f08e059e.png,/workspace/data/nuScenes/seq_bev_dataset/scene-0001/BEV_gt/027_e380df67fa3d49c7add4657b69605cdc_BEVmask.png,/workspace/data/nuScenes/seq_bev_dataset/scene-0001/roadLayout_gt/027_e380df67fa3d49c7add4657b69605cdc_RLmask.png
/workspace/data/nuScenes/seq_bev_dataset/scene-0001/cam_front/024_ec82914025214e10b88b887d91adf6e7.png,/workspace/data/nuScenes/seq_bev_dataset/scene-0001/cam_front/028_903d85bfc48b437ea725fe1c32bf3401.png,/workspace/data/nuScenes/seq_bev_dataset/scene-0001/cam_front/032_847d19905eb24a379479a944ac3dc6d5.png,/workspace/data/nuScenes/seq_bev_dataset/scene-0001/BEV_gt/028_903d85bfc48b437ea725fe1c32bf3401_BEVmask.png,/workspace/data/nuScenes/seq_bev_dataset/scene-0001/roadLayout_gt/028_903d85bfc48b437ea725fe1c32bf3401_RLmask.png
/workspace/data/nuScenes/seq_bev_dataset/scene-0001/cam_front/025_52a22c3edca1431789ecfb9bb65a01ff.png,/workspace/data/nuScenes/seq_bev_dataset/scene-0001/cam_front/029_a62e12cf09b94b25a116bf70cf35e861.png,/workspace/data/nuScenes/seq_bev_dataset/scene-0001/cam_front/033_bdf525c2d1d841199bf52a46e91e5d5e.png,/workspace/data/nuScenes/seq_bev_dataset/scene-0001/BEV_gt/029_a62e12cf09b94b25a116bf70cf35e861_BEVmask.png,/workspace/data/nuScenes/seq_bev_dataset/scene-0001/roadLayout_gt/029_a62e12cf09b94b25a116bf70cf35e861_RLmask.png
/workspace/data/nuScenes/seq_bev_dataset/scene-0001/cam_front/026_2531f1309b364aa58fef2bb536d6639b.png,/workspace/data/nuScenes/seq_bev_dataset/scene-0001/cam_front/030_e84aea79175942398074b3f7f93f7fea.png,/workspace/data/nuScenes/seq_bev_dataset/scene-0001/cam_front/034_84b5d2fbf0c24b23893f4d037c306b3a.png,/workspace/data/nuScenes/seq_bev_dataset/scene-0001/BEV_gt/030_e84aea79175942398074b3f7f93f7fea_BEVmask.png,/workspace/data/nuScenes/seq_bev_dataset/scene-0001/roadLayout_gt/030_e84aea79175942398074b3f7f93f7fea_RLmask.png
/workspace/data/nuScenes/seq_bev_dataset/scene-0001/cam_front/027_e380df67fa3d49c7add4657b69605cdc.png,/workspace/data/nuScenes/seq_bev_dataset/scene-0001/cam_front/031_fb90e4c770134c2ebbfb7312f08e059e.png,/workspace/data/nuScenes/seq_bev_dataset/scene-0001/cam_front/035_d73b8f7d5b574b2ea0f11de439db47d9.png,/workspace/data/nuScenes/seq_bev_dataset/scene-0001/BEV_gt/031_fb90e4c770134c2ebbfb7312f08e059e_BEVmask.png,/workspace/data/nuScenes/seq_bev_dataset/scene-0001/roadLayout_gt/031_fb90e4c770134c2ebbfb7312f08e059e_RLmask.png
/workspace/data/nuScenes/seq_bev_dataset/scene-0001/cam_front/028_903d85bfc48b437ea725fe1c32bf3401.png,/workspace/data/nuScenes/seq_bev_dataset/scene-0001/cam_front/032_847d19905eb24a379479a944ac3dc6d5.png,/workspace/data/nuScenes/seq_bev_dataset/scene-0001/cam_front/036_54fc3928a8bf4fa483ae707a07c9da60.png,/workspace/data/nuScenes/seq_bev_dataset/scene-0001/BEV_gt/032_847d19905eb24a379479a944ac3dc6d5_BEVmask.png,/workspace/data/nuScenes/seq_bev_dataset/scene-0001/roadLayout_gt/032_847d19905eb24a379479a944ac3dc6d5_RLmask.png
/workspace/data/nuScenes/seq_bev_dataset/scene-0001/cam_front/029_a62e12cf09b94b25a116bf70cf35e861.png,/workspace/data/nuScenes/seq_bev_dataset/scene-0001/cam_front/033_bdf525c2d1d841199bf52a46e91e5d5e.png,/workspace/data/nuScenes/seq_bev_dataset/scene-0001/cam_front/037_1735e827e28040969f9172469b5f71a5.png,/workspace/data/nuScenes/seq_bev_dataset/scene-0001/BEV_gt/033_bdf525c2d1d841199bf52a46e91e5d5e_BEVmask.png,/workspace/data/nuScenes/seq_bev_dataset/scene-0001/roadLayout_gt/033_bdf525c2d1d841199bf52a46e91e5d5e_RLmask.png
/workspace/data/nuScenes/seq_bev_dataset/scene-0001/cam_front/030_e84aea79175942398074b3f7f93f7fea.png,/workspace/data/nuScenes/seq_bev_dataset/scene-0001/cam_front/034_84b5d2fbf0c24b23893f4d037c306b3a.png,/workspace/data/nuScenes/seq_bev_dataset/scene-0001/cam_front/038_6518b3cced45431b8f8809c040fa0bd7.png,/workspace/data/nuScenes/seq_bev_dataset/scene-0001/BEV_gt/034_84b5d2fbf0c24b23893f4d037c306b3a_BEVmask.png,/workspace/data/nuScenes/seq_bev_dataset/scene-0001/roadLayout_gt/034_84b5d2fbf0c24b23893f4d037c306b3a_RLmask.png
/workspace/data/nuScenes/seq_bev_dataset/scene-0002/cam_front/000_9e28820bd2ba4eb480e1b9079f17c30c.png,/workspace/data/nuScenes/seq_bev_dataset/scene-0002/cam_front/007_7778e7e99779472cbb886e43dbc9a1ea.png,/workspace/data/nuScenes/seq_bev_dataset/scene-0002/cam_front/011_1f1a315571894e99a53928e74e5efcad.png,/workspace/data/nuScenes/seq_bev_dataset/scene-0002/BEV_gt/007_7778e7e99779472cbb886e43dbc9a1ea_BEVmask.png,/workspace/data/nuScenes/seq_bev_dataset/scene-0002/roadLayout_gt/007_7778e7e99779472cbb886e43dbc9a1ea_RLmask.png
/workspace/data/nuScenes/seq_bev_dataset/scene-0002/cam_front/001_3a9918ace7f3435ea3fe8a024cb3f181.png,/workspace/data/nuScenes/seq_bev_dataset/scene-0002/cam_front/007_7778e7e99779472cbb886e43dbc9a1ea.png,/workspace/data/nuScenes/seq_bev_dataset/scene-0002/cam_front/011_1f1a315571894e99a53928e74e5efcad.png,/workspace/data/nuScenes/seq_bev_dataset/scene-0002/BEV_gt/007_7778e7e99779472cbb886e43dbc9a1ea_BEVmask.png,/workspace/data/nuScenes/seq_bev_dataset/scene-0002/roadLayout_gt/007_7778e7e99779472cbb886e43dbc9a1ea_RLmask.png
/workspace/data/nuScenes/seq_bev_dataset/scene-0002/cam_front/002_513cdbd6707a4bf9b7699d549ff65e6f.png,/workspace/data/nuScenes/seq_bev_dataset/scene-0002/cam_front/008_0bcb08a96d264c8ca9f2119c6b0dbeb2.png,/workspace/data/nuScenes/seq_bev_dataset/scene-0002/cam_front/012_694bf9809dd34036b8e22b164be1f842.png,/workspace/data/nuScenes/seq_bev_dataset/scene-0002/BEV_gt/008_0bcb08a96d264c8ca9f2119c6b0dbeb2_BEVmask.png,/workspace/data/nuScenes/seq_bev_dataset/scene-0002/roadLayout_gt/008_0bcb08a96d264c8ca9f2119c6b0dbeb2_RLmask.png
/workspace/data/nuScenes/seq_bev_dataset/scene-0002/cam_front/003_828a847cc7174a7d9c8058734ca6dd6e.png,/workspace/data/nuScenes/seq_bev_dataset/scene-0002/cam_front/008_0bcb08a96d264c8ca9f2119c6b0dbeb2.png,/workspace/data/nuScenes/seq_bev_dataset/scene-0002/cam_front/012_694bf9809dd34036b8e22b164be1f842.png,/workspace/data/nuScenes/seq_bev_dataset/scene-0002/BEV_gt/008_0bcb08a96d264c8ca9f2119c6b0dbeb2_BEVmask.png,/workspace/data/nuScenes/seq_bev_dataset/scene-0002/roadLayout_gt/008_0bcb08a96d264c8ca9f2119c6b0dbeb2_RLmask.png
/workspace/data/nuScenes/seq_bev_dataset/scene-0002/cam_front/004_25fbd2d7377449aabfd2173c3a0a418f.png,/workspace/data/nuScenes/seq_bev_dataset/scene-0002/cam_front/008_0bcb08a96d264c8ca9f2119c6b0dbeb2.png,/workspace/data/nuScenes/seq_bev_dataset/scene-0002/cam_front/012_694bf9809dd34036b8e22b164be1f842.png,/workspace/data/nuScenes/seq_bev_dataset/scene-0002/BEV_gt/008_0bcb08a96d264c8ca9f2119c6b0dbeb2_BEVmask.png,/workspace/data/nuScenes/seq_bev_dataset/scene-0002/roadLayout_gt/008_0bcb08a96d264c8ca9f2119c6b0dbeb2_RLmask.png
/workspace/data/nuScenes/seq_bev_dataset/scene-0002/cam_front/005_244e2876a6744249814936b24b6b03ea.png,/workspace/data/nuScenes/seq_bev_dataset/scene-0002/cam_front/009_a71b19643dbc488e97323303442d1a21.png,/workspace/data/nuScenes/seq_bev_dataset/scene-0002/cam_front/014_fa88c561566341479ad9bfcd557b096b.png,/workspace/data/nuScenes/seq_bev_dataset/scene-0002/BEV_gt/009_a71b19643dbc488e97323303442d1a21_BEVmask.png,/workspace/data/nuScenes/seq_bev_dataset/scene-0002/roadLayout_gt/009_a71b19643dbc488e97323303442d1a21_RLmask.png
/workspace/data/nuScenes/seq_bev_dataset/scene-0002/cam_front/006_cc175ce81d9448c9b797dd81e1981460.png,/workspace/data/nuScenes/seq_bev_dataset/scene-0002/cam_front/010_ecc288c7de6746348af26a0b368a945d.png,/workspace/data/nuScenes/seq_bev_dataset/scene-0002/cam_front/015_3623e20bb2e647a280cbb6d8a0b50874.png,/workspace/data/nuScenes/seq_bev_dataset/scene-0002/BEV_gt/010_ecc288c7de6746348af26a0b368a945d_BEVmask.png,/workspace/data/nuScenes/seq_bev_dataset/scene-0002/roadLayout_gt/010_ecc288c7de6746348af26a0b368a945d_RLmask.png
/workspace/data/nuScenes/seq_bev_dataset/scene-0002/cam_front/007_7778e7e99779472cbb886e43dbc9a1ea.png,/workspace/data/nuScenes/seq_bev_dataset/scene-0002/cam_front/011_1f1a315571894e99a53928e74e5efcad.png,/workspace/data/nuScenes/seq_bev_dataset/scene-0002/cam_front/015_3623e20bb2e647a280cbb6d8a0b50874.png,/workspace/data/nuScenes/seq_bev_dataset/scene-0002/BEV_gt/011_1f1a315571894e99a53928e74e5efcad_BEVmask.png,/workspace/data/nuScenes/seq_bev_dataset/scene-0002/roadLayout_gt/011_1f1a315571894e99a53928e74e5efcad_RLmask.png
/workspace/data/nuScenes/seq_bev_dataset/scene-0002/cam_front/008_0bcb08a96d264c8ca9f2119c6b0dbeb2.png,/workspace/data/nuScenes/seq_bev_dataset/scene-0002/cam_front/012_694bf9809dd34036b8e22b164be1f842.png,/workspace/data/nuScenes/seq_bev_dataset/scene-0002/cam_front/016_7616699455044566a7bf555d476f5799.png,/workspace/data/nuScenes/seq_bev_dataset/scene-0002/BEV_gt/012_694bf9809dd34036b8e22b164be1f842_BEVmask.png,/workspace/data/nuScenes/seq_bev_dataset/scene-0002/roadLayout_gt/012_694bf9809dd34036b8e22b164be1f842_RLmask.png
/workspace/data/nuScenes/seq_bev_dataset/scene-0002/cam_front/009_a71b19643dbc488e97323303442d1a21.png,/workspace/data/nuScenes/seq_bev_dataset/scene-0002/cam_front/014_fa88c561566341479ad9bfcd557b096b.png,/workspace/data/nuScenes/seq_bev_dataset/scene-0002/cam_front/017_6b72920576b04269ab1b929599e8dc79.png,/workspace/data/nuScenes/seq_bev_dataset/scene-0002/BEV_gt/014_fa88c561566341479ad9bfcd557b096b_BEVmask.png,/workspace/data/nuScenes/seq_bev_dataset/scene-0002/roadLayout_gt/014_fa88c561566341479ad9bfcd557b096b_RLmask.png
/workspace/data/nuScenes/seq_bev_dataset/scene-0002/cam_front/010_ecc288c7de6746348af26a0b368a945d.png,/workspace/data/nuScenes/seq_bev_dataset/scene-0002/cam_front/015_3623e20bb2e647a280cbb6d8a0b50874.png,/workspace/data/nuScenes/seq_bev_dataset/scene-0002/cam_front/018_6b615c1f0be2421dbb6337ea8d5ee04e.png,/workspace/data/nuScenes/seq_bev_dataset/scene-0002/BEV_gt/015_3623e20bb2e647a280cbb6d8a0b50874_BEVmask.png,/workspace/data/nuScenes/seq_bev_dataset/scene-0002/roadLayout_gt/015_3623e20bb2e647a280cbb6d8a0b50874_RLmask.png
/workspace/data/nuScenes/seq_bev_dataset/scene-0002/cam_front/011_1f1a315571894e99a53928e74e5efcad.png,/workspace/data/nuScenes/seq_bev_dataset/scene-0002/cam_front/015_3623e20bb2e647a280cbb6d8a0b50874.png,/workspace/data/nuScenes/seq_bev_dataset/scene-0002/cam_front/018_6b615c1f0be2421dbb6337ea8d5ee04e.png,/workspace/data/nuScenes/seq_bev_dataset/scene-0002/BEV_gt/015_3623e20bb2e647a280cbb6d8a0b50874_BEVmask.png,/workspace/data/nuScenes/seq_bev_dataset/scene-0002/roadLayout_gt/015_3623e20bb2e647a280cbb6d8a0b50874_RLmask.png
/workspace/data/nuScenes/seq_bev_dataset/scene-0002/cam_front/012_694bf9809dd34036b8e22b164be1f842.png,/workspace/data/nuScenes/seq_bev_dataset/scene-0002/cam_front/016_7616699455044566a7bf555d476f5799.png,/workspace/data/nuScenes/seq_bev_dataset/scene-0002/cam_front/019_bb4f4d9a36754178a62d5dfbd55998b9.png,/workspace/data/nuScenes/seq_bev_dataset/scene-0002/BEV_gt/016_7616699455044566a7bf555d476f5799_BEVmask.png,/workspace/data/nuScenes/seq_bev_dataset/scene-0002/roadLayout_gt/016_7616699455044566a7bf555d476f5799_RLmask.png
/workspace/data/nuScenes/seq_bev_dataset/scene-0002/cam_front/013_eac9992171c446dabf9d738c23a96cde.png,/workspace/data/nuScenes/seq_bev_dataset/scene-0002/cam_front/017_6b72920576b04269ab1b929599e8dc79.png,/workspace/data/nuScenes/seq_bev_dataset/scene-0002/cam_front/020_d6515448fc1e4af98571ae1663b33efe.png,/workspace/data/nuScenes/seq_bev_dataset/scene-0002/BEV_gt/017_6b72920576b04269ab1b929599e8dc79_BEVmask.png,/workspace/data/nuScenes/seq_bev_dataset/scene-0002/roadLayout_gt/017_6b72920576b04269ab1b929599e8dc79_RLmask.png
/workspace/data/nuScenes/seq_bev_dataset/scene-0002/cam_front/014_fa88c561566341479ad9bfcd557b096b.png,/workspace/data/nuScenes/seq_bev_dataset/scene-0002/cam_front/017_6b72920576b04269ab1b929599e8dc79.png,/workspace/data/nuScenes/seq_bev_dataset/scene-0002/cam_front/020_d6515448fc1e4af98571ae1663b33efe.png,/workspace/data/nuScenes/seq_bev_dataset/scene-0002/BEV_gt/017_6b72920576b04269ab1b929599e8dc79_BEVmask.png,/workspace/data/nuScenes/seq_bev_dataset/scene-0002/roadLayout_gt/017_6b72920576b04269ab1b929599e8dc79_RLmask.png
/workspace/data/nuScenes/seq_bev_dataset/scene-0002/cam_front/015_3623e20bb2e647a280cbb6d8a0b50874.png,/workspace/data/nuScenes/seq_bev_dataset/scene-0002/cam_front/018_6b615c1f0be2421dbb6337ea8d5ee04e.png,/workspace/data/nuScenes/seq_bev_dataset/scene-0002/cam_front/021_b143df90cc734dd780de782bdd261ab1.png,/workspace/data/nuScenes/seq_bev_dataset/scene-0002/BEV_gt/018_6b615c1f0be2421dbb6337ea8d5ee04e_BEVmask.png,/workspace/data/nuScenes/seq_bev_dataset/scene-0002/roadLayout_gt/018_6b615c1f0be2421dbb6337ea8d5ee04e_RLmask.png
/workspace/data/nuScenes/seq_bev_dataset/scene-0002/cam_front/016_7616699455044566a7bf555d476f5799.png,/workspace/data/nuScenes/seq_bev_dataset/scene-0002/cam_front/019_bb4f4d9a36754178a62d5dfbd55998b9.png,/workspace/data/nuScenes/seq_bev_dataset/scene-0002/cam_front/022_4dd38dcd4e8549d6a37938285f886117.png,/workspace/data/nuScenes/seq_bev_dataset/scene-0002/BEV_gt/019_bb4f4d9a36754178a62d5dfbd55998b9_BEVmask.png,/workspace/data/nuScenes/seq_bev_dataset/scene-0002/roadLayout_gt/019_bb4f4d9a36754178a62d5dfbd55998b9_RLmask.png
/workspace/data/nuScenes/seq_bev_dataset/scene-0002/cam_front/017_6b72920576b04269ab1b929599e8dc79.png,/workspace/data/nuScenes/seq_bev_dataset/scene-0002/cam_front/020_d6515448fc1e4af98571ae1663b33efe.png,/workspace/data/nuScenes/seq_bev_dataset/scene-0002/cam_front/023_5b426b1475f746f7904f2bf1db929852.png,/workspace/data/nuScenes/seq_bev_dataset/scene-0002/BEV_gt/020_d6515448fc1e4af98571ae1663b33efe_BEVmask.png,/workspace/data/nuScenes/seq_bev_dataset/scene-0002/roadLayout_gt/020_d6515448fc1e4af98571ae1663b33efe_RLmask.png
/workspace/data/nuScenes/seq_bev_dataset/scene-0002/cam_front/018_6b615c1f0be2421dbb6337ea8d5ee04e.png,/workspace/data/nuScenes/seq_bev_dataset/scene-0002/cam_front/021_b143df90cc734dd780de782bdd261ab1.png,/workspace/data/nuScenes/seq_bev_dataset/scene-0002/cam_front/024_40a982ccf9564c6ea574f1d75f8a7dc0.png,/workspace/data/nuScenes/seq_bev_dataset/scene-0002/BEV_gt/021_b143df90cc734dd780de782bdd261ab1_BEVmask.png,/workspace/data/nuScenes/seq_bev_dataset/scene-0002/roadLayout_gt/021_b143df90cc734dd780de782bdd261ab1_RLmask.png
/workspace/data/nuScenes/seq_bev_dataset/scene-0002/cam_front/019_bb4f4d9a36754178a62d5dfbd55998b9.png,/workspace/data/nuScenes/seq_bev_dataset/scene-0002/cam_front/022_4dd38dcd4e8549d6a37938285f886117.png,/workspace/data/nuScenes/seq_bev_dataset/scene-0002/cam_front/025_9d601e6912d04c77951c173f6012ee6f.png,/workspace/data/nuScenes/seq_bev_dataset/scene-0002/BEV_gt/022_4dd38dcd4e8549d6a37938285f886117_BEVmask.png,/workspace/data/nuScenes/seq_bev_dataset/scene-0002/roadLayout_gt/022_4dd38dcd4e8549d6a37938285f886117_RLmask.png
/workspace/data/nuScenes/seq_bev_dataset/scene-0002/cam_front/020_d6515448fc1e4af98571ae1663b33efe.png,/workspace/data/nuScenes/seq_bev_dataset/scene-0002/cam_front/023_5b426b1475f746f7904f2bf1db929852.png,/workspace/data/nuScenes/seq_bev_dataset/scene-0002/cam_front/026_a05edf71b4b14052bb477918d0997c88.png,/workspace/data/nuScenes/seq_bev_dataset/scene-0002/BEV_gt/023_5b426b1475f746f7904f2bf1db929852_BEVmask.png,/workspace/data/nuScenes/seq_bev_dataset/scene-0002/roadLayout_gt/023_5b426b1475f746f7904f2bf1db929852_RLmask.png
/workspace/data/nuScenes/seq_bev_dataset/scene-0002/cam_front/021_b143df90cc734dd780de782bdd261ab1.png,/workspace/data/nuScenes/seq_bev_dataset/scene-0002/cam_front/024_40a982ccf9564c6ea574f1d75f8a7dc0.png,/workspace/data/nuScenes/seq_bev_dataset/scene-0002/cam_front/028_5b89841bc40a436891223751749416b3.png,/workspace/data/nuScenes/seq_bev_dataset/scene-0002/BEV_gt/024_40a982ccf9564c6ea574f1d75f8a7dc0_BEVmask.png,/workspace/data/nuScenes/seq_bev_dataset/scene-0002/roadLayout_gt/024_40a982ccf9564c6ea574f1d75f8a7dc0_RLmask.png
/workspace/data/nuScenes/seq_bev_dataset/scene-0002/cam_front/022_4dd38dcd4e8549d6a37938285f886117.png,/workspace/data/nuScenes/seq_bev_dataset/scene-0002/cam_front/025_9d601e6912d04c77951c173f6012ee6f.png,/workspace/data/nuScenes/seq_bev_dataset/scene-0002/cam_front/030_a0c1b7a7cec84f6f8e2955ac370637ad.png,/workspace/data/nuScenes/seq_bev_dataset/scene-0002/BEV_gt/025_9d601e6912d04c77951c173f6012ee6f_BEVmask.png,/workspace/data/nuScenes/seq_bev_dataset/scene-0002/roadLayout_gt/025_9d601e6912d04c77951c173f6012ee6f_RLmask.png
/workspace/data/nuScenes/seq_bev_dataset/scene-0002/cam_front/023_5b426b1475f746f7904f2bf1db929852.png,/workspace/data/nuScenes/seq_bev_dataset/scene-0002/cam_front/026_a05edf71b4b14052bb477918d0997c88.png,/workspace/data/nuScenes/seq_bev_dataset/scene-0002/cam_front/031_a0197f52509f48feb1292b78c9188d1f.png,/workspace/data/nuScenes/seq_bev_dataset/scene-0002/BEV_gt/026_a05edf71b4b14052bb477918d0997c88_BEVmask.png,/workspace/data/nuScenes/seq_bev_dataset/scene-0002/roadLayout_gt/026_a05edf71b4b14052bb477918d0997c88_RLmask.png
/workspace/data/nuScenes/seq_bev_dataset/scene-0002/cam_front/024_40a982ccf9564c6ea574f1d75f8a7dc0.png,/workspace/data/nuScenes/seq_bev_dataset/scene-0002/cam_front/028_5b89841bc40a436891223751749416b3.png,/workspace/data/nuScenes/seq_bev_dataset/scene-0002/cam_front/033_d9b482ce80634d5a819aac651c1e31d3.png,/workspace/data/nuScenes/seq_bev_dataset/scene-0002/BEV_gt/028_5b89841bc40a436891223751749416b3_BEVmask.png,/workspace/data/nuScenes/seq_bev_dataset/scene-0002/roadLayout_gt/028_5b89841bc40a436891223751749416b3_RLmask.png
/workspace/data/nuScenes/seq_bev_dataset/scene-0002/cam_front/025_9d601e6912d04c77951c173f6012ee6f.png,/workspace/data/nuScenes/seq_bev_dataset/scene-0002/cam_front/030_a0c1b7a7cec84f6f8e2955ac370637ad.png,/workspace/data/nuScenes/seq_bev_dataset/scene-0002/cam_front/034_b0c254b0902d464798cc86878317ec06.png,/workspace/data/nuScenes/seq_bev_dataset/scene-0002/BEV_gt/030_a0c1b7a7cec84f6f8e2955ac370637ad_BEVmask.png,/workspace/data/nuScenes/seq_bev_dataset/scene-0002/roadLayout_gt/030_a0c1b7a7cec84f6f8e2955ac370637ad_RLmask.png
/workspace/data/nuScenes/seq_bev_dataset/scene-0002/cam_front/026_a05edf71b4b14052bb477918d0997c88.png,/workspace/data/nuScenes/seq_bev_dataset/scene-0002/cam_front/031_a0197f52509f48feb1292b78c9188d1f.png,/workspace/data/nuScenes/seq_bev_dataset/scene-0002/cam_front/035_aadec83b3fa24b9c87651c3d2ac53035.png,/workspace/data/nuScenes/seq_bev_dataset/scene-0002/BEV_gt/031_a0197f52509f48feb1292b78c9188d1f_BEVmask.png,/workspace/data/nuScenes/seq_bev_dataset/scene-0002/roadLayout_gt/031_a0197f52509f48feb1292b78c9188d1f_RLmask.png
/workspace/data/nuScenes/seq_bev_dataset/scene-0002/cam_front/027_cc0a7d86675248779f21b34ae891159c.png,/workspace/data/nuScenes/seq_bev_dataset/scene-0002/cam_front/032_65282c155f014646868b295b7c6d6e52.png,/workspace/data/nuScenes/seq_bev_dataset/scene-0002/cam_front/036_36d4e4bf966e467bbee01dd6e63d5cce.png,/workspace/data/nuScenes/seq_bev_dataset/scene-0002/BEV_gt/032_65282c155f014646868b295b7c6d6e52_BEVmask.png,/workspace/data/nuScenes/seq_bev_dataset/scene-0002/roadLayout_gt/032_65282c155f014646868b295b7c6d6e52_RLmask.png
/workspace/data/nuScenes/seq_bev_dataset/scene-0002/cam_front/028_5b89841bc40a436891223751749416b3.png,/workspace/data/nuScenes/seq_bev_dataset/scene-0002/cam_front/033_d9b482ce80634d5a819aac651c1e31d3.png,/workspace/data/nuScenes/seq_bev_dataset/scene-0002/cam_front/036_36d4e4bf966e467bbee01dd6e63d5cce.png,/workspace/data/nuScenes/seq_bev_dataset/scene-0002/BEV_gt/033_d9b482ce80634d5a819aac651c1e31d3_BEVmask.png,/workspace/data/nuScenes/seq_bev_dataset/scene-0002/roadLayout_gt/033_d9b482ce80634d5a819aac651c1e31d3_RLmask.png
/workspace/data/nuScenes/seq_bev_dataset/scene-0002/cam_front/029_d8a6a5c6a7c444a9aba383526e5e1161.png,/workspace/data/nuScenes/seq_bev_dataset/scene-0002/cam_front/034_b0c254b0902d464798cc86878317ec06.png,/workspace/data/nuScenes/seq_bev_dataset/scene-0002/cam_front/037_8df9376254584396bdfaa521242b4757.png,/workspace/data/nuScenes/seq_bev_dataset/scene-0002/BEV_gt/034_b0c254b0902d464798cc86878317ec06_BEVmask.png,/workspace/data/nuScenes/seq_bev_dataset/scene-0002/roadLayout_gt/034_b0c254b0902d464798cc86878317ec06_RLmask.png
/workspace/data/nuScenes/seq_bev_dataset/scene-0002/cam_front/030_a0c1b7a7cec84f6f8e2955ac370637ad.png,/workspace/data/nuScenes/seq_bev_dataset/scene-0002/cam_front/034_b0c254b0902d464798cc86878317ec06.png,/workspace/data/nuScenes/seq_bev_dataset/scene-0002/cam_front/037_8df9376254584396bdfaa521242b4757.png,/workspace/data/nuScenes/seq_bev_dataset/scene-0002/BEV_gt/034_b0c254b0902d464798cc86878317ec06_BEVmask.png,/workspace/data/nuScenes/seq_bev_dataset/scene-0002/roadLayout_gt/034_b0c254b0902d464798cc86878317ec06_RLmask.png
/workspace/data/nuScenes/seq_bev_dataset/scene-0002/cam_front/031_a0197f52509f48feb1292b78c9188d1f.png,/workspace/data/nuScenes/seq_bev_dataset/scene-0002/cam_front/035_aadec83b3fa24b9c87651c3d2ac53035.png,/workspace/data/nuScenes/seq_bev_dataset/scene-0002/cam_front/038_b008a79c9b33493ea958075001f1d72a.png,/workspace/data/nuScenes/seq_bev_dataset/scene-0002/BEV_gt/035_aadec83b3fa24b9c87651c3d2ac53035_BEVmask.png,/workspace/data/nuScenes/seq_bev_dataset/scene-0002/roadLayout_gt/035_aadec83b3fa24b9c87651c3d2ac53035_RLmask.png
/workspace/data/nuScenes/seq_bev_dataset/scene-0004/cam_front/000_556a590f3e1741fb87d7e4dc8ea687e4.png,/workspace/data/nuScenes/seq_bev_dataset/scene-0004/cam_front/005_4e5e68d8f6c14b9685cb129fce75da81.png,/workspace/data/nuScenes/seq_bev_dataset/scene-0004/cam_front/009_6563266bf0644b3f970a0575c1e58a5e.png,/workspace/data/nuScenes/seq_bev_dataset/scene-0004/BEV_gt/005_4e5e68d8f6c14b9685cb129fce75da81_BEVmask.png,/workspace/data/nuScenes/seq_bev_dataset/scene-0004/roadLayout_gt/005_4e5e68d8f6c14b9685cb129fce75da81_RLmask.png
/workspace/data/nuScenes/seq_bev_dataset/scene-0004/cam_front/001_2a05c724ab044e5ab0c9edad7aa4472c.png,/workspace/data/nuScenes/seq_bev_dataset/scene-0004/cam_front/006_f900e1dbe5c1427f9818a984feb6309e.png,/workspace/data/nuScenes/seq_bev_dataset/scene-0004/cam_front/010_a9d4af56bbfc41c78f10b252380c107c.png,/workspace/data/nuScenes/seq_bev_dataset/scene-0004/BEV_gt/006_f900e1dbe5c1427f9818a984feb6309e_BEVmask.png,/workspace/data/nuScenes/seq_bev_dataset/scene-0004/roadLayout_gt/006_f900e1dbe5c1427f9818a984feb6309e_RLmask.png
/workspace/data/nuScenes/seq_bev_dataset/scene-0004/cam_front/002_0dc36bc3a7aa4b3bb221ca96d15c29ec.png,/workspace/data/nuScenes/seq_bev_dataset/scene-0004/cam_front/007_b4c467c0d1e44b9eb0f34b553aed0b88.png,/workspace/data/nuScenes/seq_bev_dataset/scene-0004/cam_front/011_25ec1486a7af4c66ad8360acf66c544a.png,/workspace/data/nuScenes/seq_bev_dataset/scene-0004/BEV_gt/007_b4c467c0d1e44b9eb0f34b553aed0b88_BEVmask.png,/workspace/data/nuScenes/seq_bev_dataset/scene-0004/roadLayout_gt/007_b4c467c0d1e44b9eb0f34b553aed0b88_RLmask.png
/workspace/data/nuScenes/seq_bev_dataset/scene-0004/cam_front/003_d7f97118ac7846abb2172790c5aaa95b.png,/workspace/data/nuScenes/seq_bev_dataset/scene-0004/cam_front/007_b4c467c0d1e44b9eb0f34b553aed0b88.png,/workspace/data/nuScenes/seq_bev_dataset/scene-0004/cam_front/011_25ec1486a7af4c66ad8360acf66c544a.png,/workspace/data/nuScenes/seq_bev_dataset/scene-0004/BEV_gt/007_b4c467c0d1e44b9eb0f34b553aed0b88_BEVmask.png,/workspace/data/nuScenes/seq_bev_dataset/scene-0004/roadLayout_gt/007_b4c467c0d1e44b9eb0f34b553aed0b88_RLmask.png
/workspace/data/nuScenes/seq_bev_dataset/scene-0004/cam_front/004_5560b4eacfe54b1fba1364ab9458c11d.png,/workspace/data/nuScenes/seq_bev_dataset/scene-0004/cam_front/008_96253fd0fbb140268a12a15c98cc8e34.png,/workspace/data/nuScenes/seq_bev_dataset/scene-0004/cam_front/012_3c4087cf9e8a43f1b8d7506a2998d3bd.png,/workspace/data/nuScenes/seq_bev_dataset/scene-0004/BEV_gt/008_96253fd0fbb140268a12a15c98cc8e34_BEVmask.png,/workspace/data/nuScenes/seq_bev_dataset/scene-0004/roadLayout_gt/008_96253fd0fbb140268a12a15c98cc8e34_RLmask.png
/workspace/data/nuScenes/seq_bev_dataset/scene-0004/cam_front/005_4e5e68d8f6c14b9685cb129fce75da81.png,/workspace/data/nuScenes/seq_bev_dataset/scene-0004/cam_front/009_6563266bf0644b3f970a0575c1e58a5e.png,/workspace/data/nuScenes/seq_bev_dataset/scene-0004/cam_front/012_3c4087cf9e8a43f1b8d7506a2998d3bd.png,/workspace/data/nuScenes/seq_bev_dataset/scene-0004/BEV_gt/009_6563266bf0644b3f970a0575c1e58a5e_BEVmask.png,/workspace/data/nuScenes/seq_bev_dataset/scene-0004/roadLayout_gt/009_6563266bf0644b3f970a0575c1e58a5e_RLmask.png
/workspace/data/nuScenes/seq_bev_dataset/scene-0004/cam_front/006_f900e1dbe5c1427f9818a984feb6309e.png,/workspace/data/nuScenes/seq_bev_dataset/scene-0004/cam_front/010_a9d4af56bbfc41c78f10b252380c107c.png,/workspace/data/nuScenes/seq_bev_dataset/scene-0004/cam_front/013_a467997a0d97430aa3c55840868b97fe.png,/workspace/data/nuScenes/seq_bev_dataset/scene-0004/BEV_gt/010_a9d4af56bbfc41c78f10b252380c107c_BEVmask.png,/workspace/data/nuScenes/seq_bev_dataset/scene-0004/roadLayout_gt/010_a9d4af56bbfc41c78f10b252380c107c_RLmask.png
/workspace/data/nuScenes/seq_bev_dataset/scene-0004/cam_front/007_b4c467c0d1e44b9eb0f34b553aed0b88.png,/workspace/data/nuScenes/seq_bev_dataset/scene-0004/cam_front/011_25ec1486a7af4c66ad8360acf66c544a.png,/workspace/data/nuScenes/seq_bev_dataset/scene-0004/cam_front/014_22cf2c4cb66d47c9878b6f9aec065ab5.png,/workspace/data/nuScenes/seq_bev_dataset/scene-0004/BEV_gt/011_25ec1486a7af4c66ad8360acf66c544a_BEVmask.png,/workspace/data/nuScenes/seq_bev_dataset/scene-0004/roadLayout_gt/011_25ec1486a7af4c66ad8360acf66c544a_RLmask.png
/workspace/data/nuScenes/seq_bev_dataset/scene-0004/cam_front/008_96253fd0fbb140268a12a15c98cc8e34.png,/workspace/data/nuScenes/seq_bev_dataset/scene-0004/cam_front/012_3c4087cf9e8a43f1b8d7506a2998d3bd.png,/workspace/data/nuScenes/seq_bev_dataset/scene-0004/cam_front/015_91212fa9ee054c10ba740448c0641a0e.png,/workspace/data/nuScenes/seq_bev_dataset/scene-0004/BEV_gt/012_3c4087cf9e8a43f1b8d7506a2998d3bd_BEVmask.png,/workspace/data/nuScenes/seq_bev_dataset/scene-0004/roadLayout_gt/012_3c4087cf9e8a43f1b8d7506a2998d3bd_RLmask.png
/workspace/data/nuScenes/seq_bev_dataset/scene-0004/cam_front/009_6563266bf0644b3f970a0575c1e58a5e.png,/workspace/data/nuScenes/seq_bev_dataset/scene-0004/cam_front/012_3c4087cf9e8a43f1b8d7506a2998d3bd.png,/workspace/data/nuScenes/seq_bev_dataset/scene-0004/cam_front/015_91212fa9ee054c10ba740448c0641a0e.png,/workspace/data/nuScenes/seq_bev_dataset/scene-0004/BEV_gt/012_3c4087cf9e8a43f1b8d7506a2998d3bd_BEVmask.png,/workspace/data/nuScenes/seq_bev_dataset/scene-0004/roadLayout_gt/012_3c4087cf9e8a43f1b8d7506a2998d3bd_RLmask.png
/workspace/data/nuScenes/seq_bev_dataset/scene-0004/cam_front/010_a9d4af56bbfc41c78f10b252380c107c.png,/workspace/data/nuScenes/seq_bev_dataset/scene-0004/cam_front/013_a467997a0d97430aa3c55840868b97fe.png,/workspace/data/nuScenes/seq_bev_dataset/scene-0004/cam_front/016_93615fdfcffb43e18dbf1059e20ae727.png,/workspace/data/nuScenes/seq_bev_dataset/scene-0004/BEV_gt/013_a467997a0d97430aa3c55840868b97fe_BEVmask.png,/workspace/data/nuScenes/seq_bev_dataset/scene-0004/roadLayout_gt/013_a467997a0d97430aa3c55840868b97fe_RLmask.png
/workspace/data/nuScenes/seq_bev_dataset/scene-0004/cam_front/011_25ec1486a7af4c66ad8360acf66c544a.png,/workspace/data/nuScenes/seq_bev_dataset/scene-0004/cam_front/014_22cf2c4cb66d47c9878b6f9aec065ab5.png,/workspace/data/nuScenes/seq_bev_dataset/scene-0004/cam_front/017_5c39883457854ab5994a1f32ea05d76f.png,/workspace/data/nuScenes/seq_bev_dataset/scene-0004/BEV_gt/014_22cf2c4cb66d47c9878b6f9aec065ab5_BEVmask.png,/workspace/data/nuScenes/seq_bev_dataset/scene-0004/roadLayout_gt/014_22cf2c4cb66d47c9878b6f9aec065ab5_RLmask.png
/workspace/data/nuScenes/seq_bev_dataset/scene-0004/cam_front/012_3c4087cf9e8a43f1b8d7506a2998d3bd.png,/workspace/data/nuScenes/seq_bev_dataset/scene-0004/cam_front/015_91212fa9ee054c10ba740448c0641a0e.png,/workspace/data/nuScenes/seq_bev_dataset/scene-0004/cam_front/018_b759dba900ae4a9e95b2ca991184c7fc.png,/workspace/data/nuScenes/seq_bev_dataset/scene-0004/BEV_gt/015_91212fa9ee054c10ba740448c0641a0e_BEVmask.png,/workspace/data/nuScenes/seq_bev_dataset/scene-0004/roadLayout_gt/015_91212fa9ee054c10ba740448c0641a0e_RLmask.png
/workspace/data/nuScenes/seq_bev_dataset/scene-0004/cam_front/013_a467997a0d97430aa3c55840868b97fe.png,/workspace/data/nuScenes/seq_bev_dataset/scene-0004/cam_front/016_93615fdfcffb43e18dbf1059e20ae727.png,/workspace/data/nuScenes/seq_bev_dataset/scene-0004/cam_front/019_df48fe7222474bc59c0e1fdfa6fdefc5.png,/workspace/data/nuScenes/seq_bev_dataset/scene-0004/BEV_gt/016_93615fdfcffb43e18dbf1059e20ae727_BEVmask.png,/workspace/data/nuScenes/seq_bev_dataset/scene-0004/roadLayout_gt/016_93615fdfcffb43e18dbf1059e20ae727_RLmask.png
/workspace/data/nuScenes/seq_bev_dataset/scene-0004/cam_front/014_22cf2c4cb66d47c9878b6f9aec065ab5.png,/workspace/data/nuScenes/seq_bev_dataset/scene-0004/cam_front/017_5c39883457854ab5994a1f32ea05d76f.png,/workspace/data/nuScenes/seq_bev_dataset/scene-0004/cam_front/020_d59d3c7fb1a1445785274b1a08b5daa1.png,/workspace/data/nuScenes/seq_bev_dataset/scene-0004/BEV_gt/017_5c39883457854ab5994a1f32ea05d76f_BEVmask.png,/workspace/data/nuScenes/seq_bev_dataset/scene-0004/roadLayout_gt/017_5c39883457854ab5994a1f32ea05d76f_RLmask.png
/workspace/data/nuScenes/seq_bev_dataset/scene-0004/cam_front/015_91212fa9ee054c10ba740448c0641a0e.png,/workspace/data/nuScenes/seq_bev_dataset/scene-0004/cam_front/018_b759dba900ae4a9e95b2ca991184c7fc.png,/workspace/data/nuScenes/seq_bev_dataset/scene-0004/cam_front/021_062df314784749bab11d0598c1e3dc8c.png,/workspace/data/nuScenes/seq_bev_dataset/scene-0004/BEV_gt/018_b759dba900ae4a9e95b2ca991184c7fc_BEVmask.png,/workspace/data/nuScenes/seq_bev_dataset/scene-0004/roadLayout_gt/018_b759dba900ae4a9e95b2ca991184c7fc_RLmask.png
/workspace/data/nuScenes/seq_bev_dataset/scene-0004/cam_front/016_93615fdfcffb43e18dbf1059e20ae727.png,/workspace/data/nuScenes/seq_bev_dataset/scene-0004/cam_front/019_df48fe7222474bc59c0e1fdfa6fdefc5.png,/workspace/data/nuScenes/seq_bev_dataset/scene-0004/cam_front/022_f1bdcd378c1449999d0f3fa42fbf3730.png,/workspace/data/nuScenes/seq_bev_dataset/scene-0004/BEV_gt/019_df48fe7222474bc59c0e1fdfa6fdefc5_BEVmask.png,/workspace/data/nuScenes/seq_bev_dataset/scene-0004/roadLayout_gt/019_df48fe7222474bc59c0e1fdfa6fdefc5_RLmask.png
/workspace/data/nuScenes/seq_bev_dataset/scene-0004/cam_front/017_5c39883457854ab5994a1f32ea05d76f.png,/workspace/data/nuScenes/seq_bev_dataset/scene-0004/cam_front/020_d59d3c7fb1a1445785274b1a08b5daa1.png,/workspace/data/nuScenes/seq_bev_dataset/scene-0004/cam_front/023_d8e4b034554d4fd4b6d50a2f3dfa001f.png,/workspace/data/nuScenes/seq_bev_dataset/scene-0004/BEV_gt/020_d59d3c7fb1a1445785274b1a08b5daa1_BEVmask.png,/workspace/data/nuScenes/seq_bev_dataset/scene-0004/roadLayout_gt/020_d59d3c7fb1a1445785274b1a08b5daa1_RLmask.png
/workspace/data/nuScenes/seq_bev_dataset/scene-0004/cam_front/018_b759dba900ae4a9e95b2ca991184c7fc.png,/workspace/data/nuScenes/seq_bev_dataset/scene-0004/cam_front/021_062df314784749bab11d0598c1e3dc8c.png,/workspace/data/nuScenes/seq_bev_dataset/scene-0004/cam_front/024_921f0a18faa347819d5696a600ae54b2.png,/workspace/data/nuScenes/seq_bev_dataset/scene-0004/BEV_gt/021_062df314784749bab11d0598c1e3dc8c_BEVmask.png,/workspace/data/nuScenes/seq_bev_dataset/scene-0004/roadLayout_gt/021_062df314784749bab11d0598c1e3dc8c_RLmask.png
/workspace/data/nuScenes/seq_bev_dataset/scene-0004/cam_front/019_df48fe7222474bc59c0e1fdfa6fdefc5.png,/workspace/data/nuScenes/seq_bev_dataset/scene-0004/cam_front/022_f1bdcd378c1449999d0f3fa42fbf3730.png,/workspace/data/nuScenes/seq_bev_dataset/scene-0004/cam_front/025_876b6b9b6d1e498b9cd5d7f2513431dd.png,/workspace/data/nuScenes/seq_bev_dataset/scene-0004/BEV_gt/022_f1bdcd378c1449999d0f3fa42fbf3730_BEVmask.png,/workspace/data/nuScenes/seq_bev_dataset/scene-0004/roadLayout_gt/022_f1bdcd378c1449999d0f3fa42fbf3730_RLmask.png
/workspace/data/nuScenes/seq_bev_dataset/scene-0004/cam_front/020_d59d3c7fb1a1445785274b1a08b5daa1.png,/workspace/data/nuScenes/seq_bev_dataset/scene-0004/cam_front/023_d8e4b034554d4fd4b6d50a2f3dfa001f.png,/workspace/data/nuScenes/seq_bev_dataset/scene-0004/cam_front/026_b9a86512fa73430b9bae8549b1a211b7.png,/workspace/data/nuScenes/seq_bev_dataset/scene-0004/BEV_gt/023_d8e4b034554d4fd4b6d50a2f3dfa001f_BEVmask.png,/workspace/data/nuScenes/seq_bev_dataset/scene-0004/roadLayout_gt/023_d8e4b034554d4fd4b6d50a2f3dfa001f_RLmask.png
/workspace/data/nuScenes/seq_bev_dataset/scene-0004/cam_front/021_062df314784749bab11d0598c1e3dc8c.png,/workspace/data/nuScenes/seq_bev_dataset/scene-0004/cam_front/024_921f0a18faa347819d5696a600ae54b2.png,/workspace/data/nuScenes/seq_bev_dataset/scene-0004/cam_front/027_56df6efe8be541c5b36768babe32f027.png,/workspace/data/nuScenes/seq_bev_dataset/scene-0004/BEV_gt/024_921f0a18faa347819d5696a600ae54b2_BEVmask.png,/workspace/data/nuScenes/seq_bev_dataset/scene-0004/roadLayout_gt/024_921f0a18faa347819d5696a600ae54b2_RLmask.png
/workspace/data/nuScenes/seq_bev_dataset/scene-0004/cam_front/022_f1bdcd378c1449999d0f3fa42fbf3730.png,/workspace/data/nuScenes/seq_bev_dataset/scene-0004/cam_front/025_876b6b9b6d1e498b9cd5d7f2513431dd.png,/workspace/data/nuScenes/seq_bev_dataset/scene-0004/cam_front/028_630afa548ead41a48f53e6fb511b65ce.png,/workspace/data/nuScenes/seq_bev_dataset/scene-0004/BEV_gt/025_876b6b9b6d1e498b9cd5d7f2513431dd_BEVmask.png,/workspace/data/nuScenes/seq_bev_dataset/scene-0004/roadLayout_gt/025_876b6b9b6d1e498b9cd5d7f2513431dd_RLmask.png
/workspace/data/nuScenes/seq_bev_dataset/scene-0004/cam_front/023_d8e4b034554d4fd4b6d50a2f3dfa001f.png,/workspace/data/nuScenes/seq_bev_dataset/scene-0004/cam_front/026_b9a86512fa73430b9bae8549b1a211b7.png,/workspace/data/nuScenes/seq_bev_dataset/scene-0004/cam_front/029_7f96fc627076498587e3b025f66e41ed.png,/workspace/data/nuScenes/seq_bev_dataset/scene-0004/BEV_gt/026_b9a86512fa73430b9bae8549b1a211b7_BEVmask.png,/workspace/data/nuScenes/seq_bev_dataset/scene-0004/roadLayout_gt/026_b9a86512fa73430b9bae8549b1a211b7_RLmask.png
/workspace/data/nuScenes/seq_bev_dataset/scene-0004/cam_front/024_921f0a18faa347819d5696a600ae54b2.png,/workspace/data/nuScenes/seq_bev_dataset/scene-0004/cam_front/027_56df6efe8be541c5b36768babe32f027.png,/workspace/data/nuScenes/seq_bev_dataset/scene-0004/cam_front/030_015a6df7ed1846f9983d0a40005f2d8b.png,/workspace/data/nuScenes/seq_bev_dataset/scene-0004/BEV_gt/027_56df6efe8be541c5b36768babe32f027_BEVmask.png,/workspace/data/nuScenes/seq_bev_dataset/scene-0004/roadLayout_gt/027_56df6efe8be541c5b36768babe32f027_RLmask.png
/workspace/data/nuScenes/seq_bev_dataset/scene-0004/cam_front/025_876b6b9b6d1e498b9cd5d7f2513431dd.png,/workspace/data/nuScenes/seq_bev_dataset/scene-0004/cam_front/028_630afa548ead41a48f53e6fb511b65ce.png,/workspace/data/nuScenes/seq_bev_dataset/scene-0004/cam_front/031_1668a4bb60384871aded3c88973dee31.png,/workspace/data/nuScenes/seq_bev_dataset/scene-0004/BEV_gt/028_630afa548ead41a48f53e6fb511b65ce_BEVmask.png,/workspace/data/nuScenes/seq_bev_dataset/scene-0004/roadLayout_gt/028_630afa548ead41a48f53e6fb511b65ce_RLmask.png
/workspace/data/nuScenes/seq_bev_dataset/scene-0004/cam_front/026_b9a86512fa73430b9bae8549b1a211b7.png,/workspace/data/nuScenes/seq_bev_dataset/scene-0004/cam_front/029_7f96fc627076498587e3b025f66e41ed.png,/workspace/data/nuScenes/seq_bev_dataset/scene-0004/cam_front/032_520d400e8b8f4fc5a4e8a59909a23e83.png,/workspace/data/nuScenes/seq_bev_dataset/scene-0004/BEV_gt/029_7f96fc627076498587e3b025f66e41ed_BEVmask.png,/workspace/data/nuScenes/seq_bev_dataset/scene-0004/roadLayout_gt/029_7f96fc627076498587e3b025f66e41ed_RLmask.png
/workspace/data/nuScenes/seq_bev_dataset/scene-0004/cam_front/027_56df6efe8be541c5b36768babe32f027.png,/workspace/data/nuScenes/seq_bev_dataset/scene-0004/cam_front/030_015a6df7ed1846f9983d0a40005f2d8b.png,/workspace/data/nuScenes/seq_bev_dataset/scene-0004/cam_front/033_5f347e6ac6614106950a068bd581876d.png,/workspace/data/nuScenes/seq_bev_dataset/scene-0004/BEV_gt/030_015a6df7ed1846f9983d0a40005f2d8b_BEVmask.png,/workspace/data/nuScenes/seq_bev_dataset/scene-0004/roadLayout_gt/030_015a6df7ed1846f9983d0a40005f2d8b_RLmask.png
/workspace/data/nuScenes/seq_bev_dataset/scene-0004/cam_front/028_630afa548ead41a48f53e6fb511b65ce.png,/workspace/data/nuScenes/seq_bev_dataset/scene-0004/cam_front/031_1668a4bb60384871aded3c88973dee31.png,/workspace/data/nuScenes/seq_bev_dataset/scene-0004/cam_front/034_73698638611b4a239dc1cd952921fdd3.png,/workspace/data/nuScenes/seq_bev_dataset/scene-0004/BEV_gt/031_1668a4bb60384871aded3c88973dee31_BEVmask.png,/workspace/data/nuScenes/seq_bev_dataset/scene-0004/roadLayout_gt/031_1668a4bb60384871aded3c88973dee31_RLmask.png
/workspace/data/nuScenes/seq_bev_dataset/scene-0004/cam_front/029_7f96fc627076498587e3b025f66e41ed.png,/workspace/data/nuScenes/seq_bev_dataset/scene-0004/cam_front/032_520d400e8b8f4fc5a4e8a59909a23e83.png,/workspace/data/nuScenes/seq_bev_dataset/scene-0004/cam_front/035_503f1deac86d4a4dafcb2956595bdbdb.png,/workspace/data/nuScenes/seq_bev_dataset/scene-0004/BEV_gt/032_520d400e8b8f4fc5a4e8a59909a23e83_BEVmask.png,/workspace/data/nuScenes/seq_bev_dataset/scene-0004/roadLayout_gt/032_520d400e8b8f4fc5a4e8a59909a23e83_RLmask.png
/workspace/data/nuScenes/seq_bev_dataset/scene-0004/cam_front/030_015a6df7ed1846f9983d0a40005f2d8b.png,/workspace/data/nuScenes/seq_bev_dataset/scene-0004/cam_front/033_5f347e6ac6614106950a068bd581876d.png,/workspace/data/nuScenes/seq_bev_dataset/scene-0004/cam_front/036_cecaca2ac01247418b6b6583e4987d8f.png,/workspace/data/nuScenes/seq_bev_dataset/scene-0004/BEV_gt/033_5f347e6ac6614106950a068bd581876d_BEVmask.png,/workspace/data/nuScenes/seq_bev_dataset/scene-0004/roadLayout_gt/033_5f347e6ac6614106950a068bd581876d_RLmask.png
/workspace/data/nuScenes/seq_bev_dataset/scene-0004/cam_front/031_1668a4bb60384871aded3c88973dee31.png,/workspace/data/nuScenes/seq_bev_dataset/scene-0004/cam_front/034_73698638611b4a239dc1cd952921fdd3.png,/workspace/data/nuScenes/seq_bev_dataset/scene-0004/cam_front/037_8267e4f69d674315a7ff3d0ba1b5d1b4.png,/workspace/data/nuScenes/seq_bev_dataset/scene-0004/BEV_gt/034_73698638611b4a239dc1cd952921fdd3_BEVmask.png,/workspace/data/nuScenes/seq_bev_dataset/scene-0004/roadLayout_gt/034_73698638611b4a239dc1cd952921fdd3_RLmask.png
/workspace/data/nuScenes/seq_bev_dataset/scene-0004/cam_front/032_520d400e8b8f4fc5a4e8a59909a23e83.png,/workspace/data/nuScenes/seq_bev_dataset/scene-0004/cam_front/035_503f1deac86d4a4dafcb2956595bdbdb.png,/workspace/data/nuScenes/seq_bev_dataset/scene-0004/cam_front/038_fd15042e2267468dbbf7ac96c01f829e.png,/workspace/data/nuScenes/seq_bev_dataset/scene-0004/BEV_gt/035_503f1deac86d4a4dafcb2956595bdbdb_BEVmask.png,/workspace/data/nuScenes/seq_bev_dataset/scene-0004/roadLayout_gt/035_503f1deac86d4a4dafcb2956595bdbdb_RLmask.png
/workspace/data/nuScenes/seq_bev_dataset/scene-0008/cam_front/000_cb58ac9c08e244d3a96feb126da39d0f.png,/workspace/data/nuScenes/seq_bev_dataset/scene-0008/cam_front/003_1e3d0bc68d0c493f963988f60bf5fb41.png,/workspace/data/nuScenes/seq_bev_dataset/scene-0008/cam_front/006_4485c3d95f514d6cb9e9efd76bd4ab18.png,/workspace/data/nuScenes/seq_bev_dataset/scene-0008/BEV_gt/003_1e3d0bc68d0c493f963988f60bf5fb41_BEVmask.png,/workspace/data/nuScenes/seq_bev_dataset/scene-0008/roadLayout_gt/003_1e3d0bc68d0c493f963988f60bf5fb41_RLmask.png
/workspace/data/nuScenes/seq_bev_dataset/scene-0008/cam_front/001_8e91794be2c14d3ab17bd14e342daf79.png,/workspace/data/nuScenes/seq_bev_dataset/scene-0008/cam_front/004_8b45ac47d0594c76866434e1cfdb6f22.png,/workspace/data/nuScenes/seq_bev_dataset/scene-0008/cam_front/007_3fe32969f0ad4047957388a691e34a6b.png,/workspace/data/nuScenes/seq_bev_dataset/scene-0008/BEV_gt/004_8b45ac47d0594c76866434e1cfdb6f22_BEVmask.png,/workspace/data/nuScenes/seq_bev_dataset/scene-0008/roadLayout_gt/004_8b45ac47d0594c76866434e1cfdb6f22_RLmask.png
/workspace/data/nuScenes/seq_bev_dataset/scene-0008/cam_front/002_1912f794c8674817b24675985ea9388c.png,/workspace/data/nuScenes/seq_bev_dataset/scene-0008/cam_front/005_a417c63ec6f345cf87e84f9386dd6ebc.png,/workspace/data/nuScenes/seq_bev_dataset/scene-0008/cam_front/008_40499ed2eb6744e09abf2cd59ca11975.png,/workspace/data/nuScenes/seq_bev_dataset/scene-0008/BEV_gt/005_a417c63ec6f345cf87e84f9386dd6ebc_BEVmask.png,/workspace/data/nuScenes/seq_bev_dataset/scene-0008/roadLayout_gt/005_a417c63ec6f345cf87e84f9386dd6ebc_RLmask.png
/workspace/data/nuScenes/seq_bev_dataset/scene-0008/cam_front/003_1e3d0bc68d0c493f963988f60bf5fb41.png,/workspace/data/nuScenes/seq_bev_dataset/scene-0008/cam_front/006_4485c3d95f514d6cb9e9efd76bd4ab18.png,/workspace/data/nuScenes/seq_bev_dataset/scene-0008/cam_front/009_9ee444215a7140a8b260791711055a29.png,/workspace/data/nuScenes/seq_bev_dataset/scene-0008/BEV_gt/006_4485c3d95f514d6cb9e9efd76bd4ab18_BEVmask.png,/workspace/data/nuScenes/seq_bev_dataset/scene-0008/roadLayout_gt/006_4485c3d95f514d6cb9e9efd76bd4ab18_RLmask.png
